-1,-1,-1,-1,-1,-1,-1,-1,-1,-1,-1,-1,832,833,834,835,836,-1,-1,-1,663,664,665,666,667,-1,-1,-1,1970,1971,-1,-1,-1,279,282,-1,-1,-1,-1,-1,-1,-1,-1,-1,-1,-1,-1,-1,-1,-1,-1,-1,-1,-1,-1,-1,-1,-1,-1,-1,-1,-1,-1,-1,-1,-1,-1,-1,-1,-1,-1,-1,-1,-1,-1,-1,-1,-1,-1,-1,-1,-1,-1,-1,-1,-1,-1,-1,-1,-1,-1,-1,-1,-1,-1,-1,-1,-1,-1,-1
-1,-1,-1,-1,-1,266,-1,-1,-1,-1,-1,-1,845,846,847,848,849,-1,294,295,676,677,678,679,680,-1,-1,-1,1983,1984,318,319,-1,-1,-1,-1,-1,-1,-1,-1,294,295,-1,-1,-1,-1,-1,-1,-1,-1,-1,-1,-1,-1,-1,-1,-1,-1,-1,-1,-1,-1,-1,-1,-1,-1,-1,-1,-1,-1,-1,-1,-1,-1,-1,-1,-1,-1,-1,-1,-1,-1,-1,-1,-1,-1,-1,-1,-1,-1,-1,-1,-1,-1,-1,-1,-1,-1,-1,-1
-1,-1,-1,-1,-1,-1,-1,-1,-1,-1,-1,-1,858,859,860,861,862,-1,307,308,689,690,691,692,693,-1,-1,-1,-1,-1,331,332,-1,-1,266,-1,-1,-1,-1,-1,307,308,-1,266,-1,-1,-1,-1,-1,-1,-1,-1,-1,-1,-1,-1,-1,-1,-1,-1,-1,-1,-1,-1,-1,-1,-1,-1,-1,-1,-1,292,293,-1,-1,-1,-1,-1,-1,-1,-1,-1,-1,-1,-1,-1,-1,-1,-1,-1,-1,-1,-1,-1,-1,-1,-1,137,-1,-1
-1,-1,-1,-1,-1,-1,-1,-1,-1,-1,-1,-1,871,872,873,874,875,-1,-1,-1,702,703,704,705,706,-1,-1,-1,-1,-1,-1,-1,-1,-1,-1,-1,-1,-1,-1,-1,-1,-1,-1,-1,-1,-1,-1,-1,-1,-1,-1,-1,-1,-1,-1,-1,-1,-1,294,295,-1,-1,-1,-1,-1,-1,-1,-1,-1,-1,-1,305,306,-1,-1,-1,-1,-1,-1,-1,-1,-1,-1,-1,-1,-1,-1,-1,-1,-1,-1,-1,-1,-1,-1,-1,-1,-1,-1,-1
-1,-1,-1,-1,-1,-1,-1,-1,-1,-1,-1,-1,884,885,886,887,1970,1971,-1,-1,715,716,717,718,719,-1,-1,-1,-1,-1,-1,-1,-1,-1,-1,-1,-1,-1,-1,-1,-1,-1,-1,-1,-1,-1,-1,281,-1,-1,-1,-1,-1,-1,-1,-1,-1,-1,307,308,-1,-1,-1,-1,-1,-1,-1,-1,-1,-1,-1,-1,-1,-1,-1,-1,-1,-1,-1,-1,-1,-1,-1,-1,-1,-1,-1,-1,-1,-1,-1,-1,-1,-1,-1,-1,-1,-1,-1,-1
-1,-1,-1,-1,-1,-1,-1,-1,-1,-1,-1,-1,897,898,899,900,1983,1984,-1,-1,-1,-1,-1,-1,-1,-1,-1,-1,280,-1,-1,-1,-1,282,-1,-1,-1,-1,-1,-1,-1,-1,-1,-1,-1,-1,-1,-1,-1,-1,-1,-1,-1,-1,-1,-1,-1,-1,-1,-1,-1,-1,-1,-1,-1,-1,-1,-1,-1,-1,-1,-1,-1,-1,-1,-1,-1,-1,-1,-1,-1,-1,-1,-1,-1,-1,-1,-1,-1,-1,-1,-1,-1,-1,-1,-1,-1,-1,-1,-1
-1,-1,267,-1,-1,-1,-1,-1,-1,-1,-1,-1,-1,-1,-1,-1,-1,-1,-1,-1,-1,-1,-1,-1,-1,-1,-1,-1,-1,-1,-1,-1,-1,-1,-1,-1,-1,-1,-1,-1,-1,-1,-1,-1,-1,-1,-1,-1,-1,-1,-1,-1,-1,-1,-1,-1,-1,-1,-1,-1,-1,-1,-1,-1,-1,-1,-1,-1,-1,-1,-1,-1,-1,-1,-1,-1,-1,-1,-1,-1,-1,-1,-1,-1,-1,-1,-1,-1,-1,-1,-1,-1,-1,-1,-1,-1,-1,-1,-1,-1
638,639,640,641,-1,-1,-1,-1,-1,-1,-1,-1,-1,-1,-1,-1,-1,-1,-1,-1,-1,-1,-1,-1,-1,-1,-1,-1,-1,-1,-1,-1,-1,-1,-1,-1,-1,-1,-1,-1,-1,-1,-1,-1,-1,-1,-1,-1,-1,-1,-1,-1,-1,-1,-1,-1,-1,-1,-1,-1,-1,-1,-1,-1,-1,-1,-1,-1,-1,-1,-1,-1,-1,-1,-1,-1,-1,-1,-1,-1,-1,-1,-1,-1,-1,-1,-1,-1,-1,-1,-1,-1,-1,-1,-1,-1,-1,-1,-1,-1
651,652,653,654,-1,-1,-1,-1,-1,-1,-1,-1,-1,-1,-1,-1,-1,-1,-1,-1,-1,-1,-1,-1,-1,-1,-1,-1,-1,-1,-1,3637,3550,-1,-1,-1,-1,-1,-1,-1,279,-1,-1,-1,-1,-1,-1,-1,-1,-1,-1,-1,-1,-1,-1,-1,-1,-1,-1,-1,-1,-1,-1,-1,-1,-1,-1,-1,-1,-1,-1,-1,-1,-1,-1,-1,-1,-1,-1,-1,-1,-1,-1,-1,-1,-1,-1,-1,-1,-1,-1,-1,-1,-1,-1,-1,-1,-1,-1,-1
664,665,666,667,-1,-1,-1,-1,-1,-1,-1,-1,-1,-1,-1,-1,-1,-1,-1,-1,-1,-1,-1,1970,1971,-1,-1,-1,-1,-1,-1,3550,3617,-1,-1,-1,-1,-1,-1,-1,-1,-1,-1,-1,-1,-1,-1,-1,-1,-1,320,321,-1,-1,-1,-1,-1,-1,-1,-1,-1,-1,-1,-1,-1,-1,-1,-1,-1,-1,-1,-1,-1,-1,-1,-1,-1,-1,-1,-1,-1,-1,-1,-1,-1,-1,-1,-1,-1,-1,-1,-1,-1,-1,-1,-1,-1,-1,-1,-1
677,678,679,680,-1,-1,-1,-1,-1,-1,-1,-1,-1,-1,-1,-1,-1,-1,282,-1,-1,-1,-1,1983,1984,-1,-1,-1,268,-1,-1,3614,3550,-1,269,-1,-1,-1,-1,-1,-1,-1,-1,-1,-1,-1,-1,-1,-1,-1,333,334,-1,-1,-1,-1,-1,-1,-1,-1,-1,-1,-1,-1,-1,-1,-1,-1,-1,-1,-1,-1,-1,-1,-1,-1,-1,-1,-1,-1,-1,-1,-1,-1,-1,-1,-1,-1,-1,-1,-1,-1,-1,-1,-1,-1,-1,-1,-1,-1
690,691,692,693,-1,-1,-1,-1,-1,-1,-1,-1,-1,-1,-1,-1,-1,-1,-1,-1,-1,-1,-1,-1,-1,-1,-1,-1,-1,-1,-1,-1,-1,-1,-1,-1,-1,-1,-1,-1,-1,-1,-1,-1,-1,1083,1084,1085,-1,-1,-1,-1,-1,-1,-1,-1,-1,-1,-1,-1,-1,-1,-1,-1,-1,-1,-1,-1,-1,-1,-1,-1,-1,-1,-1,-1,-1,-1,-1,-1,-1,-1,-1,-1,-1,-1,-1,-1,-1,-1,-1,-1,-1,-1,-1,-1,-1,-1,-1,-1
703,704,705,706,-1,-1,-1,-1,-1,-1,-1,-1,-1,-1,-1,-1,-1,-1,-1,-1,-1,-1,-1,-1,-1,-1,-1,-1,-1,-1,-1,-1,-1,-1,-1,-1,-1,-1,-1,-1,-1,-1,-1,-1,-1,1096,-1,1098,-1,-1,-1,-1,-1,-1,-1,-1,-1,-1,-1,-1,-1,-1,-1,-1,-1,-1,-1,-1,-1,-1,-1,-1,-1,-1,-1,-1,-1,-1,-1,-1,-1,-1,-1,-1,-1,-1,-1,-1,-1,-1,-1,-1,-1,-1,-1,-1,-1,-1,-1,-1
716,637,638,639,640,641,-1,269,-1,-1,-1,-1,-1,-1,-1,-1,-1,-1,-1,-1,-1,-1,-1,-1,-1,-1,-1,-1,-1,-1,-1,-1,-1,-1,-1,-1,-1,-1,-1,-1,1160,-1,-1,1176,-1,1096,-1,1098,-1,-1,1050,-1,-1,-1,-1,-1,-1,-1,-1,-1,-1,-1,-1,-1,-1,-1,-1,-1,-1,-1,-1,-1,-1,-1,-1,-1,-1,-1,-1,-1,-1,-1,-1,-1,-1,-1,-1,-1,-1,-1,-1,-1,-1,-1,-1,-1,-1,-1,-1,-1
-1,650,651,652,653,654,-1,-1,-1,-1,-1,-1,-1,-1,-1,-1,-1,-1,-1,-1,-1,-1,-1,-1,-1,-1,-1,-1,-1,-1,-1,-1,-1,-1,-1,-1,-1,-1,-1,-1,-1,-1,1050,-1,-1,1096,-1,1098,-1,1150,-1,-1,-1,-1,-1,-1,-1,-1,-1,-1,-1,-1,-1,-1,-1,-1,-1,-1,-1,-1,-1,-1,-1,-1,-1,-1,-1,-1,-1,-1,-1,-1,-1,-1,-1,-1,-1,-1,-1,-1,-1,-1,-1,-1,-1,-1,-1,-1,-1,-1
-1,663,664,665,666,667,-1,-1,-1,292,293,-1,-1,-1,-1,-1,-1,-1,-1,-1,-1,-1,-1,-1,-1,-1,-1,-1,-1,-1,-1,-1,-1,-1,-1,-1,-1,-1,-1,-1,-1,-1,-1,-1,-1,1109,-1,1111,-1,-1,-1,-1,-1,-1,-1,-1,-1,-1,-1,-1,-1,-1,-1,-1,-1,-1,-1,-1,-1,-1,-1,-1,320,321,-1,-1,-1,-1,-1,-1,-1,-1,-1,-1,-1,-1,-1,-1,-1,-1,-1,-1,-1,-1,-1,-1,-1,-1,-1,-1
-1,676,677,678,679,680,-1,-1,-1,305,306,-1,-1,-1,-1,-1,-1,-1,-1,-1,-1,282,267,1476,1503,1503,1503,1503,1478,1476,1477,1477,1477,1477,1477,1478,-1,-1,-1,-1,-1,-1,1176,-1,-1,-1,-1,-1,-1,-1,-1,-1,-1,-1,-1,-1,-1,-1,-1,-1,-1,-1,-1,-1,-1,-1,-1,-1,-1,-1,-1,-1,333,334,-1,-1,-1,-1,-1,-1,-1,-1,-1,-1,-1,-1,-1,-1,-1,-1,-1,-1,-1,-1,-1,-1,-1,-1,-1,-1
1970,1971,690,691,692,693,-1,-1,-1,-1,-1,-1,-1,-1,-1,-1,-1,-1,-1,-1,-1,-1,-1,1489,-1,-1,-1,-1,1491,1489,1833,1834,1835,1836,1837,1491,-1,-1,-1,-1,-1,-1,-1,1123,-1,1083,1084,1085,-1,-1,-1,-1,-1,-1,-1,-1,-1,-1,-1,-1,318,319,-1,-1,-1,-1,-1,-1,-1,-1,-1,-1,-1,-1,-1,-1,-1,-1,-1,-1,-1,-1,-1,-1,-1,-1,-1,-1,-1,-1,-1,-1,-1,-1,-1,-1,-1,-1,-1,-1
1983,1984,703,704,705,706,-1,-1,-1,-1,-1,-1,-1,-1,-1,279,-1,-1,-1,-1,-1,-1,-1,1489,-1,1950,1951,1952,1491,1489,1846,1847,1848,1849,1850,1491,-1,-1,-1,-1,-1,-1,-1,-1,-1,1096,1097,1098,-1,1135,-1,-1,-1,-1,-1,-1,-1,-1,-1,-1,331,332,-1,-1,-1,-1,-1,-1,-1,-1,-1,-1,-1,-1,-1,-1,-1,-1,-1,-1,-1,-1,-1,-1,-1,-1,-1,-1,-1,-1,-1,-1,-1,-1,-1,-1,-1,292,293,-1
-1,715,716,717,718,719,740,-1,-1,-1,-1,-1,-1,-1,-1,-1,-1,-1,-1,-1,-1,-1,-1,1489,-1,1963,1964,1965,1491,1489,1859,1860,1861,1862,1863,1491,-1,-1,-1,-1,-1,-1,-1,-1,-1,1096,1097,1098,-1,-1,-1,-1,-1,-1,-1,-1,-1,-1,-1,-1,-1,-1,-1,-1,-1,-1,-1,-1,-1,-1,-1,-1,-1,-1,-1,-1,-1,-1,-1,-1,-1,-1,-1,-1,-1,-1,-1,-1,-1,-1,-1,-1,-1,-1,-1,-1,-1,305,306,-1
-1,-1,749,750,751,752,753,-1,-1,-1,-1,-1,-1,-1,-1,-1,-1,-1,-1,-1,-1,-1,1501,1502,1503,-1,1501,1503,1504,1502,1503,-1,-1,1503,1503,1504,-1,1979,-1,-1,-1,-1,-1,-1,-1,1109,1097,1111,-1,-1,-1,-1,-1,-1,-1,-1,-1,-1,-1,-1,-1,-1,-1,-1,-1,-1,-1,-1,-1,-1,-1,-1,-1,-1,-1,-1,-1,-1,-1,-1,-1,-1,-1,-1,-1,-1,-1,-1,-1,-1,-1,-1,-1,-1,-1,-1,-1,-1,-1,-1
-1,-1,762,763,764,765,766,-1,-1,269,-1,-1,-1,-1,-1,-1,-1,-1,-1,-1,-1,-1,-1,-1,-1,-1,-1,-1,-1,-1,-1,-1,-1,-1,-1,-1,137,-1,-1,-1,-1,-1,-1,-1,-1,-1,-1,-1,-1,-1,-1,-1,-1,-1,-1,-1,-1,-1,-1,-1,-1,-1,-1,-1,-1,-1,-1,-1,-1,-1,-1,-1,-1,-1,-1,-1,-1,-1,-1,-1,-1,-1,-1,-1,-1,-1,-1,-1,-1,-1,-1,-1,-1,-1,-1,-1,-1,-1,-1,-1
-1,-1,775,776,777,778,779,-1,-1,-1,279,-1,-1,-1,-1,821,-1,-1,-1,-1,-1,-1,-1,-1,-1,-1,-1,2047,1528,2048,-1,-1,-1,-1,2002,2003,2004,2005,2006,-1,-1,-1,-1,-1,-1,-1,-1,-1,-1,-1,-1,-1,-1,-1,-1,-1,-1,-1,-1,-1,-1,-1,-1,-1,-1,-1,-1,-1,-1,-1,-1,-1,-1,-1,-1,-1,-1,-1,-1,-1,-1,-1,-1,-1,-1,-1,-1,-1,-1,-1,-1,-1,-1,-1,-1,-1,-1,-1,-1,-1
-1,-1,788,789,790,791,792,-1,-1,-1,-1,-1,-1,-1,-1,-1,890,-1,-1,-1,-1,-1,-1,-1,-1,-1,-1,2047,-1,2048,-1,-1,-1,-1,2015,2016,2017,2018,2019,-1,-1,-1,-1,-1,-1,-1,-1,-1,-1,-1,-1,-1,-1,-1,-1,-1,-1,-1,-1,-1,-1,-1,-1,-1,-1,-1,-1,-1,-1,-1,-1,-1,-1,-1,-1,-1,-1,-1,-1,-1,-1,-1,-1,-1,-1,-1,-1,-1,-1,-1,-1,-1,-1,-1,-1,-1,-1,-1,-1,-1
294,295,801,802,803,804,805,-1,-1,-1,-1,-1,-1,-1,-1,-1,-1,-1,-1,-1,-1,-1,2044,2045,2046,-1,-1,-1,-1,-1,-1,-1,-1,-1,-1,-1,-1,-1,-1,1654,1655,1656,-1,-1,-1,-1,-1,-1,-1,-1,-1,-1,-1,-1,-1,-1,-1,-1,-1,-1,-1,-1,-1,-1,-1,-1,-1,-1,-1,-1,-1,-1,-1,-1,-1,-1,-1,-1,-1,-1,-1,-1,-1,-1,-1,-1,-1,-1,-1,-1,320,321,-1,-1,-1,-1,-1,-1,-1,-1
307,308,814,815,816,817,818,-1,-1,-1,890,-1,-1,-1,-1,279,-1,-1,-1,-1,-1,-1,2057,2058,2059,-1,-1,-1,-1,-1,-1,-1,-1,-1,-1,-1,-1,-1,-1,1667,1668,1669,-1,-1,-1,-1,-1,-1,-1,-1,-1,-1,-1,-1,-1,-1,-1,-1,-1,-1,-1,-1,-1,-1,-1,-1,-1,-1,-1,-1,-1,-1,-1,-1,-1,-1,-1,-1,-1,-1,-1,-1,-1,-1,-1,-1,-1,-1,-1,-1,333,334,-1,-1,-1,-1,-1,-1,-1,-1
-1,-1,-1,-1,-1,-1,-1,-1,-1,-1,-1,-1,-1,-1,-1,-1,-1,-1,-1,-1,-1,-1,2070,2071,2072,-1,-1,-1,-1,-1,-1,-1,-1,-1,-1,-1,-1,-1,-1,1680,1681,1682,-1,-1,-1,-1,-1,-1,-1,-1,-1,-1,-1,-1,-1,-1,-1,-1,-1,-1,-1,-1,-1,-1,-1,-1,-1,-1,-1,-1,-1,-1,-1,292,293,-1,-1,-1,-1,-1,-1,-1,-1,-1,-1,-1,-1,-1,-1,-1,-1,-1,-1,-1,-1,-1,-1,-1,-1,-1
-1,-1,-1,-1,-1,-1,-1,-1,-1,-1,-1,-1,-1,-1,-1,704,-1,-1,-1,-1,-1,-1,-1,-1,-1,-1,-1,-1,-1,-1,-1,-1,-1,-1,-1,-1,-1,-1,-1,1693,1694,1695,-1,-1,-1,-1,-1,-1,-1,-1,-1,-1,-1,-1,-1,-1,-1,-1,-1,-1,-1,-1,-1,-1,-1,-1,-1,-1,-1,-1,-1,-1,-1,305,306,-1,-1,-1,-1,-1,-1,-1,-1,-1,-1,-1,-1,-1,-1,-1,-1,-1,-1,-1,-1,-1,-1,-1,-1,-1
-1,-1,-1,-1,-1,2009,2010,-1,-1,-1,-1,-1,-1,-1,-1,-1,-1,-1,-1,-1,-1,-1,-1,-1,-1,-1,2145,2146,2147,1937,1938,1939,2041,2042,2043,-1,-1,-1,-1,-1,-1,-1,-1,-1,-1,-1,-1,-1,-1,-1,-1,-1,-1,-1,-1,-1,-1,-1,-1,-1,-1,-1,-1,-1,-1,-1,-1,-1,-1,-1,-1,-1,-1,-1,-1,-1,-1,-1,-1,-1,-1,-1,-1,-1,-1,-1,-1,-1,-1,-1,-1,-1,-1,-1,-1,-1,-1,-1,-1,-1
-1,-1,-1,-1,-1,-1,268,-1,-1,-1,-1,-1,-1,-1,-1,-1,-1,-1,282,267,-1,-1,-1,-1,-1,-1,2158,2159,2160,1950,1951,1952,2054,2055,2056,-1,-1,-1,-1,-1,-1,-1,-1,-1,-1,-1,-1,-1,-1,-1,-1,-1,-1,-1,-1,-1,-1,-1,-1,-1,-1,-1,-1,-1,-1,-1,-1,-1,-1,-1,-1,-1,-1,-1,-1,-1,-1,-1,-1,-1,-1,-1,-1,-1,-1,-1,-1,-1,-1,-1,-1,-1,-1,-1,-1,-1,-1,-1,-1,-1
-1,294,295,-1,-1,-1,-1,-1,-1,-1,-1,704,-1,-1,-1,-1,-1,-1,-1,-1,-1,-1,-1,-1,-1,-1,2171,2172,2173,1963,1964,1965,2067,2068,2069,-1,-1,-1,-1,-1,-1,-1,-1,-1,-1,-1,-1,-1,-1,-1,-1,-1,-1,-1,-1,-1,-1,-1,-1,-1,-1,-1,-1,-1,-1,-1,-1,-1,-1,-1,-1,-1,-1,-1,-1,-1,-1,-1,-1,-1,-1,-1,-1,-1,-1,-1,-1,-1,-1,-1,-1,-1,-1,-1,-1,-1,-1,-1,-1,-1
-1,307,308,-1,-1,-1,-1,-1,-1,-1,-1,-1,-1,-1,-1,-1,-1,-1,-1,-1,-1,-1,-1,-1,-1,-1,-1,-1,-1,-1,-1,-1,-1,-1,-1,-1,-1,-1,-1,-1,-1,-1,-1,-1,-1,-1,-1,-1,-1,-1,-1,-1,-1,-1,-1,-1,-1,-1,-1,-1,-1,-1,-1,-1,-1,-1,-1,-1,-1,-1,-1,-1,-1,-1,-1,-1,-1,-1,-1,-1,-1,-1,-1,-1,-1,-1,-1,-1,-1,-1,-1,-1,-1,-1,-1,-1,-1,-1,-1,-1
1477,1477,1477,1477,1477,1477,1477,1477,1477,1477,1477,1477,1478,-1,-1,-1,-1,-1,-1,-1,-1,-1,-1,-1,-1,-1,-1,-1,1467,-1,-1,1480,-1,-1,1481,-1,-1,-1,-1,-1,-1,-1,-1,-1,-1,-1,-1,-1,-1,-1,-1,-1,-1,-1,-1,-1,-1,-1,-1,-1,-1,-1,-1,-1,-1,-1,-1,-1,-1,-1,-1,-1,-1,-1,-1,-1,-1,-1,-1,-1,-1,-1,-1,-1,-1,-1,-1,-1,-1,-1,-1,-1,-1,-1,-1,-1,-1,-1,-1,-1
1983,1984,-1,-1,-1,-1,-1,-1,-1,-1,-1,-1,1491,-1,-1,338,339,340,-1,-1,-1,-1,-1,-1,-1,-1,-1,-1,-1,-1,-1,-1,-1,-1,-1,-1,-1,-1,-1,-1,-1,-1,-1,-1,-1,-1,-1,-1,-1,-1,-1,-1,-1,-1,-1,-1,-1,-1,-1,-1,-1,-1,-1,-1,-1,-1,-1,-1,-1,-1,-1,-1,-1,-1,-1,-1,-1,-1,-1,-1,-1,-1,-1,-1,-1,-1,-1,-1,-1,-1,-1,-1,-1,-1,-1,-1,-1,-1,-1,-1
-1,-1,-1,-1,2002,2003,2004,2005,2006,1957,1958,-1,1491,-1,-1,351,352,353,-1,-1,-1,-1,-1,886,-1,-1,-1,-1,-1,-1,-1,-1,-1,-1,-1,-1,-1,-1,-1,-1,-1,-1,-1,-1,-1,-1,-1,-1,-1,-1,-1,-1,-1,-1,-1,-1,-1,-1,-1,-1,-1,-1,-1,-1,-1,-1,-1,-1,-1,-1,-1,-1,-1,-1,-1,-1,-1,-1,-1,-1,-1,-1,-1,-1,-1,-1,-1,-1,-1,-1,-1,-1,-1,-1,-1,-1,-1,-1,-1,-1
-1,-1,-1,-1,2015,2016,2017,2018,2019,-1,-1,-1,1491,1506,-1,364,365,366,-1,-1,341,-1,-1,-1,-1,-1,-1,-1,-1,-1,-1,-1,-1,-1,-1,-1,-1,-1,-1,-1,-1,-1,-1,-1,-1,-1,-1,-1,-1,-1,-1,-1,-1,-1,-1,-1,-1,-1,-1,-1,-1,-1,-1,-1,-1,-1,-1,-1,-1,-1,-1,-1,-1,-1,-1,-1,-1,-1,-1,-1,-1,-1,-1,-1,-1,-1,-1,-1,-1,-1,-1,-1,-1,-1,-1,-1,-1,-1,-1,-1
-1,-1,-1,-1,-1,-1,-1,-1,-1,-1,-1,-1,-1,380,-1,-1,-1,-1,-1,-1,354,-1,-1,-1,268,-1,-1,-1,-1,-1,-1,-1,-1,-1,-1,-1,-1,-1,-1,-1,-1,-1,-1,-1,-1,-1,-1,-1,-1,-1,-1,-1,-1,-1,-1,-1,-1,-1,-1,-1,-1,-1,-1,-1,-1,-1,-1,-1,-1,-1,-1,-1,-1,-1,-1,-1,-1,-1,-1,-1,-1,-1,-1,-1,-1,-1,-1,-1,-1,-1,-1,-1,-1,-1,-1,-1,-1,-1,-1,-1
137,-1,-1,268,-1,-1,-1,-1,-1,-1,-1,-1,-1,-1,-1,-1,279,-1,-1,-1,367,-1,-1,-1,-1,-1,-1,-1,-1,279,282,-1,-1,-1,890,-1,-1,-1,-1,-1,-1,-1,-1,-1,-1,-1,-1,-1,-1,-1,-1,-1,-1,-1,-1,-1,-1,-1,-1,-1,-1,-1,-1,-1,-1,-1,-1,-1,-1,-1,-1,-1,-1,-1,-1,-1,-1,-1,-1,-1,-1,-1,-1,-1,-1,-1,-1,-1,-1,-1,-1,-1,-1,-1,-1,-1,-1,-1,-1,-1
-1,-1,282,282,-1,-1,-1,-1,-1,-1,-1,-1,1491,-1,-1,-1,-1,-1,-1,279,-1,-1,-1,279,-1,-1,886,-1,-1,-1,-1,268,-1,-1,-1,-1,-1,-1,-1,-1,-1,-1,-1,-1,-1,-1,-1,-1,-1,-1,-1,-1,-1,-1,-1,-1,-1,-1,-1,-1,-1,-1,-1,-1,-1,-1,-1,-1,-1,-1,-1,-1,-1,-1,-1,-1,-1,-1,-1,-1,-1,-1,-1,-1,-1,-1,-1,-1,-1,-1,-1,-1,-1,-1,-1,-1,-1,-1,-1,-1
894,-1,-1,-1,-1,-1,2047,1528,2048,-1,-1,-1,1491,-1,-1,-1,-1,-1,-1,280,-1,-1,-1,-1,-1,153,154,154,155,-1,-1,-1,-1,-1,-1,-1,-1,-1,-1,-1,-1,-1,-1,-1,-1,-1,-1,-1,-1,-1,-1,-1,-1,-1,-1,-1,-1,-1,-1,-1,-1,-1,-1,-1,-1,-1,-1,-1,-1,-1,-1,-1,-1,-1,-1,-1,-1,-1,-1,-1,-1,-1,-1,-1,-1,-1,-1,-1,-1,-1,-1,-1,-1,-1,-1,-1,-1,-1,-1,-1
-1,2009,2010,-1,-1,-1,-1,-1,-1,-1,-1,-1,1491,-1,-1,-1,-1,-1,-1,-1,-1,-1,-1,-1,-1,166,167,167,168,-1,-1,-1,-1,-1,279,-1,-1,-1,-1,-1,-1,-1,-1,-1,-1,-1,-1,-1,-1,-1,-1,-1,-1,-1,-1,-1,-1,-1,-1,-1,-1,-1,-1,-1,-1,-1,-1,-1,-1,-1,-1,-1,-1,-1,-1,-1,-1,-1,-1,-1,-1,-1,-1,-1,-1,-1,-1,-1,-1,-1,-1,-1,-1,-1,-1,-1,-1,-1,-1,-1
1503,1503,1503,1503,1503,1503,1503,1503,1503,1503,1503,1503,1504,-1,-1,-1,-1,-1,-1,-1,-1,-1,-1,-1,-1,166,167,167,181,-1,-1,-1,-1,-1,-1,-1,-1,-1,-1,-1,-1,-1,-1,-1,-1,-1,-1,-1,-1,-1,-1,-1,-1,-1,-1,-1,-1,-1,-1,-1,-1,-1,-1,-1,-1,-1,-1,-1,-1,-1,-1,-1,-1,-1,-1,-1,-1,-1,-1,-1,-1,-1,-1,-1,-1,-1,-1,-1,-1,-1,-1,-1,-1,-1,-1,-1,-1,-1,-1,-1
-1,-1,-1,-1,-1,-1,-1,-1,-1,-1,-1,-1,-1,-1,-1,-1,-1,-1,-1,-1,-1,-1,-1,-1,-1,179,180,180,181,-1,-1,-1,-1,-1,-1,-1,-1,-1,-1,-1,-1,-1,-1,-1,-1,-1,-1,-1,-1,-1,-1,-1,-1,-1,-1,-1,-1,-1,-1,-1,-1,-1,-1,-1,-1,-1,-1,-1,-1,-1,-1,-1,-1,-1,-1,-1,-1,-1,-1,-1,-1,-1,-1,-1,-1,-1,-1,-1,-1,-1,-1,-1,-1,-1,-1,-1,-1,-1,-1,-1
-1,-1,-1,-1,-1,-1,-1,-1,-1,-1,-1,-1,-1,-1,-1,-1,-1,-1,341,-1,-1,-1,-1,-1,890,-1,-1,-1,-1,-1,890,-1,-1,267,-1,-1,-1,-1,-1,-1,-1,-1,-1,-1,-1,-1,-1,-1,-1,-1,-1,-1,-1,-1,-1,-1,-1,-1,-1,-1,-1,-1,-1,-1,-1,-1,-1,-1,-1,-1,-1,-1,-1,-1,-1,-1,-1,-1,-1,-1,-1,-1,-1,-1,-1,-1,-1,-1,-1,-1,-1,-1,-1,-1,-1,-1,-1,-1,-1,-1
-1,-1,-1,-1,-1,-1,-1,267,-1,-1,-1,-1,-1,-1,-1,-1,-1,-1,354,-1,-1,-1,-1,-1,-1,-1,-1,-1,-1,-1,-1,-1,-1,-1,-1,-1,-1,-1,-1,-1,-1,-1,-1,-1,-1,-1,-1,-1,-1,-1,-1,-1,-1,-1,-1,-1,-1,-1,-1,-1,-1,-1,-1,-1,-1,-1,-1,-1,-1,-1,-1,-1,-1,-1,-1,-1,-1,-1,-1,-1,-1,-1,-1,-1,-1,-1,-1,-1,-1,-1,-1,-1,-1,-1,-1,-1,-1,-1,-1,-1
-1,-1,-1,-1,890,-1,280,-1,889,894,891,-1,-1,-1,-1,-1,-1,-1,367,-1,-1,-1,-1,-1,-1,-1,269,-1,-1,-1,579,580,580,580,580,580,580,580,581,-1,-1,-1,-1,-1,579,580,580,580,580,580,580,580,580,580,580,580,580,580,580,580,580,580,580,580,580,580,580,580,580,580,580,580,580,580,580,580,580,580,580,580,581,-1,-1,-1,-1,-1,579,580,580,580,580,580,580,580,580,580,580,580,580,580
894,891,-1,-1,294,295,-1,-1,902,903,904,-1,-1,-1,889,886,891,-1,-1,-1,-1,-1,-1,-1,-1,-1,-1,-1,-1,-1,592,-1,-1,-1,137,-1,-1,-1,594,-1,-1,-1,-1,-1,592,-1,-1,-1,-1,-1,-1,-1,-1,-1,-1,-1,-1,-1,-1,-1,-1,886,-1,-1,-1,-1,-1,-1,-1,-1,-1,-1,-1,-1,-1,-1,-1,-1,886,-1,594,-1,-1,-1,-1,-1,592,-1,-1,-1,-1,-1,-1,890,-1,-1,-1,-1,137,-1
903,904,-1,-1,307,308,-1,-1,-1,-1,-1,-1,-1,-1,902,903,904,281,-1,-1,-1,-1,-1,-1,-1,-1,-1,-1,-1,-1,592,-1,202,-1,707,704,709,-1,594,-1,-1,-1,-1,-1,592,-1,794,795,318,319,-1,-1,-1,-1,-1,-1,-1,-1,-1,-1,-1,-1,-1,-1,-1,-1,-1,-1,-1,-1,-1,-1,886,-1,-1,-1,292,293,-1,-1,594,-1,-1,-1,-1,-1,592,-1,-1,-1,-1,-1,-1,-1,-1,-1,707,799,709,-1
-1,-1,-1,-1,-1,-1,-1,-1,-1,-1,-1,-1,-1,-1,-1,-1,-1,-1,-1,-1,-1,-1,-1,-1,268,-1,-1,-1,-1,-1,592,-1,-1,-1,720,721,722,-1,594,-1,-1,-1,-1,-1,592,-1,807,808,331,332,-1,296,-1,298,-1,-1,-1,292,293,280,-1,-1,-1,-1,-1,-1,-1,-1,-1,-1,-1,-1,-1,-1,-1,280,305,306,282,279,594,-1,-1,-1,282,-1,592,-1,707,708,709,-1,-1,-1,-1,-1,720,721,722,-1
-1,-1,-1,282,-1,-1,889,890,891,-1,889,890,891,-1,-1,-1,-1,-1,-1,-1,279,-1,-1,-1,-1,-1,-1,-1,890,-1,592,-1,593,593,606,606,606,606,607,-1,-1,-1,-1,-1,605,606,606,606,606,-1,-1,309,310,311,-1,-1,-1,305,306,-1,-1,-1,-1,-1,-1,-1,-1,-1,-1,-1,-1,-1,-1,-1,-1,-1,-1,-1,-1,-1,594,-1,281,-1,-1,-1,592,-1,720,721,722,-1,-1,-1,-1,-1,-1,-1,-1,-1
-1,269,889,890,891,-1,902,903,904,-1,902,903,904,-1,-1,-1,-1,-1,-1,279,-1,-1,-1,-1,-1,-1,-1,-1,-1,-1,592,-1,-1,594,632,632,632,632,633,-1,-1,-1,-1,-1,631,632,632,632,632,592,-1,335,336,337,-1,-1,-1,-1,-1,-1,-1,-1,-1,-1,-1,-1,-1,-1,-1,-1,-1,-1,-1,-1,-1,-1,-1,-1,-1,-1,594,-1,-1,-1,-1,-1,592,-1,-1,-1,-1,-1,-1,1048,-1,-1,-1,-1,-1,-1
-1,-1,902,903,904,-1,-1,-1,-1,-1,-1,-1,-1,-1,-1,-1,-1,-1,-1,-1,-1,-1,-1,-1,-1,-1,-1,-1,-1,-1,592,-1,-1,594,-1,-1,-1,-1,-1,-1,-1,-1,-1,-1,-1,-1,-1,-1,-1,592,-1,-1,-1,-1,-1,-1,886,-1,-1,279,-1,-1,-1,-1,606,606,606,606,606,1044,1045,1046,606,-1,-1,-1,-1,-1,-1,-1,594,-1,-1,279,-1,-1,592,-1,-1,-1,-1,-1,-1,1174,-1,-1,-1,-1,-1,-1
-1,-1,320,321,-1,-1,-1,269,-1,-1,-1,-1,-1,269,-1,-1,-1,-1,-1,-1,-1,-1,-1,-1,-1,-1,-1,-1,266,-1,592,-1,799,594,-1,-1,-1,-1,-1,-1,-1,-1,-1,-1,-1,-1,-1,-1,-1,592,-1,-1,-1,-1,-1,-1,-1,-1,-1,-1,-1,-1,-1,-1,-1,632,632,632,203,1057,1058,1059,203,592,-1,-1,-1,-1,-1,-1,594,-1,-1,-1,-1,-1,-1,-1,-1,-1,-1,-1,1122,1049,-1,-1,-1,-1,-1,-1
-1,-1,333,334,-1,-1,-1,-1,889,890,891,-1,-1,-1,-1,889,886,891,-1,-1,341,-1,-1,-1,-1,-1,-1,-1,-1,-1,592,-1,-1,594,-1,-1,-1,-1,-1,-1,-1,-1,-1,-1,-1,-1,320,321,-1,592,-1,-1,-1,-1,-1,-1,-1,-1,-1,-1,-1,-1,-1,-1,-1,-1,-1,-1,-1,1070,1071,1072,-1,605,606,606,606,606,606,606,607,-1,-1,-1,-1,-1,-1,-1,-1,-1,-1,-1,1050,1160,-1,-1,-1,-1,-1,-1
-1,-1,-1,-1,-1,-1,-1,-1,902,903,904,-1,-1,-1,-1,902,903,904,-1,-1,354,-1,-1,-1,-1,-1,294,295,-1,-1,592,-1,-1,594,-1,-1,-1,-1,-1,-1,-1,-1,-1,-1,-1,-1,333,334,-1,592,-1,799,-1,-1,-1,-1,-1,-1,-1,-1,-1,-1,-1,-1,-1,-1,-1,-1,-1,-1,-1,-1,-1,631,632,632,632,632,632,632,633,-1,-1,-1,280,-1,-1,-1,-1,-1,-1,-1,1134,1048,-1,-1,-1,-1,282,-1
890,891,-1,-1,-1,889,890,891,-1,-1,266,-1,-1,-1,-1,-1,-1,-1,-1,-1,367,-1,-1,-1,-1,-1,307,308,-1,-1,585,-1,-1,594,-1,-1,-1,-1,-1,-1,-1,-1,-1,-1,-1,-1,-1,-1,-1,592,294,295,-1,-1,279,-1,-1,-1,-1,-1,-1,-1,-1,-1,-1,-1,-1,-1,-1,279,-1,-1,-1,-1,-1,-1,-1,-1,-1,-1,-1,-1,-1,280,-1,-1,-1,-1,-1,-1,-1,-1,-1,929,-1,-1,-1,-1,707,890
903,904,-1,279,-1,902,903,904,-1,-1,-1,-1,-1,-1,878,-1,-1,-1,-1,-1,-1,-1,-1,-1,-1,-1,-1,-1,-1,-1,585,-1,-1,594,-1,-1,-1,-1,-1,-1,-1,-1,-1,-1,-1,-1,-1,-1,-1,592,307,308,-1,-1,281,-1,-1,-1,-1,281,-1,707,886,709,-1,-1,279,-1,-1,-1,-1,-1,-1,-1,-1,-1,-1,-1,-1,-1,-1,279,-1,-1,-1,-1,-1,894,-1,-1,-1,-1,-1,-1,-1,-1,-1,-1,720,721
-1,-1,-1,-1,-1,-1,269,-1,-1,-1,-1,-1,-1,890,-1,-1,-1,-1,-1,-1,-1,-1,-1,-1,-1,-1,-1,-1,-1,-1,585,-1,-1,594,-1,-1,-1,-1,-1,-1,-1,-1,-1,-1,-1,-1,-1,-1,-1,592,-1,-1,-1,-1,-1,-1,-1,-1,-1,-1,-1,720,721,722,-1,-1,-1,-1,-1,-1,-1,-1,-1,-1,-1,-1,-1,-1,-1,-1,-1,-1,-1,-1,-1,-1,-1,-1,-1,-1,-1,-1,-1,-1,-1,-1,-1,-1,-1,-1
-1,-1,835,-1,-1,-1,-1,-1,-1,-1,-1,-1,-1,-1,-1,-1,-1,-1,-1,-1,-1,-1,-1,-1,-1,-1,-1,-1,-1,-1,585,-1,-1,-1,580,580,580,580,580,580,580,580,580,580,580,580,580,580,580,-1,-1,-1,-1,-1,-1,-1,-1,-1,-1,-1,-1,-1,-1,318,580,580,580,580,137,580,580,580,580,580,580,580,580,580,580,580,580,580,580,580,580,580,-1,-1,-1,-1,-1,-1,-1,-1,-1,-1,-1,-1,-1,-1
-1,-1,-1,890,-1,-1,-1,-1,-1,-1,-1,-1,-1,-1,-1,-1,-1,-1,-1,279,-1,-1,-1,-1,-1,-1,-1,-1,-1,-1,585,707,886,709,-1,-1,-1,-1,-1,-1,-1,-1,-1,-1,-1,-1,-1,-1,-1,-1,-1,-1,-1,-1,-1,-1,-1,-1,-1,-1,-1,-1,-1,331,332,-1,707,886,709,-1,266,292,293,-1,266,-1,-1,-1,-1,-1,-1,-1,-1,-1,-1,-1,-1,-1,-1,-1,-1,-1,-1,-1,-1,-1,-1,-1,-1,-1
-1,-1,-1,-1,-1,267,-1,-1,-1,-1,-1,-1,-1,-1,-1,-1,-1,-1,-1,-1,-1,-1,-1,-1,-1,-1,-1,-1,-1,-1,585,720,721,722,-1,-1,-1,-1,-1,-1,-1,-1,-1,-1,-1,-1,-1,-1,707,886,709,-1,-1,-1,-1,-1,-1,-1,-1,-1,-1,-1,-1,-1,-1,-1,720,721,722,-1,-1,305,306,292,293,-1,1258,-1,-1,-1,-1,-1,-1,-1,-1,-1,-1,282,-1,-1,-1,-1,-1,-1,-1,-1,-1,708,-1,-1
-1,-1,-1,-1,-1,-1,-1,-1,889,886,891,-1,-1,-1,889,799,891,280,-1,-1,-1,-1,-1,-1,-1,-1,-1,-1,-1,-1,585,-1,-1,-1,-1,-1,-1,-1,-1,-1,-1,-1,-1,-1,-1,-1,-1,-1,720,721,722,-1,-1,279,-1,-1,1258,-1,-1,-1,-1,-1,-1,-1,-1,-1,-1,1258,-1,-1,-1,-1,268,305,306,269,-1,-1,707,890,709,-1,-1,-1,-1,-1,-1,-1,-1,-1,-1,-1,-1,-1,-1,-1,-1,-1,-1,-1
-1,886,-1,-1,-1,-1,-1,-1,902,903,904,-1,-1,-1,902,903,904,-1,-1,-1,-1,-1,-1,-1,-1,-1,-1,-1,266,-1,585,-1,-1,-1,310,310,310,1044,1045,1046,310,310,310,310,310,310,-1,-1,-1,-1,-1,-1,-1,-1,-1,-1,-1,-1,-1,-1,-1,-1,310,310,310,310,310,310,310,310,310,310,310,310,310,310,-1,-1,720,721,722,-1,-1,-1,-1,-1,-1,-1,-1,-1,-1,-1,-1,-1,-1,-1,-1,-1,-1,-1
318,319,-1,-1,-1,-1,-1,-1,-1,-1,-1,-1,-1,-1,-1,-1,-1,-1,-1,-1,-1,-1,-1,-1,-1,-1,-1,-1,-1,-1,585,-1,-1,298,-1,-1,203,1057,1058,1059,203,-1,-1,-1,-1,-1,296,-1,-1,318,319,-1,-1,-1,-1,-1,-1,707,890,709,-1,298,-1,-1,-1,-1,-1,-1,-1,-1,-1,-1,-1,-1,-1,592,-1,-1,-1,-1,-1,-1,-1,-1,-1,-1,-1,-1,-1,-1,-1,-1,-1,-1,282,-1,-1,-1,-1,-1
331,332,282,-1,-1,-1,-1,-1,-1,-1,-1,-1,-1,-1,-1,-1,-1,341,-1,280,-1,-1,-1,-1,-1,318,319,-1,-1,-1,585,-1,-1,298,-1,-1,1069,1070,1071,1072,-1,-1,-1,-1,-1,-1,296,-1,-1,331,332,-1,-1,886,-1,-1,-1,720,721,722,-1,298,-1,-1,-1,-1,-1,-1,-1,-1,-1,-1,-1,294,295,592,1258,-1,-1,-1,-1,-1,279,-1,-1,-1,-1,-1,-1,-1,-1,-1,-1,-1,-1,-1,-1,-1,-1,-1
-1,-1,-1,-1,889,708,891,-1,-1,-1,-1,-1,-1,-1,-1,-1,-1,354,-1,-1,-1,-1,-1,-1,-1,331,332,-1,-1,-1,585,-1,-1,298,-1,-1,-1,-1,-1,-1,-1,-1,-1,707,795,709,309,310,310,310,310,310,310,310,310,310,310,310,310,310,310,311,-1,1256,-1,-1,-1,-1,-1,-1,-1,-1,-1,307,308,592,-1,-1,-1,-1,-1,-1,-1,-1,-1,-1,-1,-1,-1,-1,-1,-1,-1,-1,-1,-1,-1,-1,-1,-1
-1,-1,-1,-1,902,903,904,-1,-1,-1,-1,-1,-1,-1,-1,-1,-1,367,-1,-1,-1,-1,-1,-1,-1,-1,-1,-1,-1,-1,585,-1,-1,298,-1,-1,-1,-1,-1,-1,-1,-1,-1,720,721,722,335,336,336,336,336,336,336,336,336,336,336,336,336,336,336,337,-1,-1,202,-1,1258,-1,-1,-1,-1,202,280,-1,-1,592,-1,-1,-1,-1,-1,-1,-1,-1,-1,-1,-1,-1,-1,-1,707,803,709,-1,-1,-1,707,708,709,281
-1,-1,-1,268,-1,-1,-1,-1,-1,-1,-1,-1,-1,-1,-1,-1,-1,-1,-1,-1,-1,-1,-1,-1,-1,-1,-1,-1,-1,-1,585,-1,-1,298,-1,280,-1,-1,-1,-1,-1,-1,-1,-1,-1,-1,-1,-1,-1,-1,-1,-1,-1,-1,-1,-1,-1,-1,-1,-1,-1,-1,-1,-1,-1,-1,-1,-1,-1,-1,-1,-1,-1,-1,-1,592,-1,-1,-1,-1,-1,-1,-1,767,-1,-1,-1,-1,-1,-1,720,721,722,-1,-1,-1,720,721,722,-1
-1,-1,-1,-1,-1,910,-1,-1,-1,912,-1,-1,-1,-1,-1,-1,-1,-1,280,-1,-1,-1,-1,281,-1,-1,-1,-1,-1,-1,585,-1,886,298,-1,-1,-1,282,-1,-1,-1,-1,-1,-1,-1,-1,-1,-1,-1,-1,-1,-1,-1,-1,280,-1,-1,-1,-1,-1,-1,-1,1239,-1,-1,-1,-1,-1,-1,-1,-1,-1,-1,1256,1043,1044,1045,1046,606,-1,-1,-1,-1,780,-1,-1,-1,-1,-1,-1,-1,-1,-1,-1,-1,-1,-1,-1,-1,-1
-1,269,281,-1,-1,923,-1,-1,-1,941,-1,912,-1,-1,-1,-1,-1,-1,-1,-1,-1,-1,268,572,573,573,573,573,573,573,-1,-1,-1,298,-1,-1,-1,-1,-1,-1,-1,631,632,633,-1,-1,-1,-1,-1,309,310,311,-1,-1,-1,-1,-1,-1,-1,282,-1,-1,280,-1,-1,-1,-1,-1,-1,-1,-1,-1,-1,-1,1056,1057,1058,1059,632,296,-1,-1,281,281,707,704,709,-1,-1,-1,-1,-1,-1,-1,-1,-1,-1,-1,-1,-1
1083,-1,-1,-1,910,942,-1,-1,-1,-1,-1,941,-1,912,-1,-1,-1,-1,-1,-1,-1,-1,-1,585,269,-1,-1,-1,269,-1,-1,-1,-1,298,-1,-1,-1,-1,-1,-1,-1,-1,-1,-1,-1,-1,-1,-1,-1,322,323,324,-1,-1,-1,-1,-1,-1,-1,-1,-1,-1,-1,-1,-1,-1,-1,-1,-1,-1,-1,-1,-1,-1,1069,1070,1071,1072,-1,296,-1,-1,-1,-1,720,721,722,-1,-1,-1,-1,-1,-1,-1,-1,-1,-1,-1,-1,-1
-1,1050,-1,-1,942,-1,-1,-1,-1,1048,-1,-1,-1,941,-1,912,-1,-1,1083,1084,1085,-1,-1,585,-1,-1,-1,-1,-1,-1,-1,-1,-1,298,-1,-1,279,-1,-1,-1,-1,-1,-1,-1,-1,-1,-1,-1,-1,335,336,337,-1,-1,-1,-1,-1,-1,-1,-1,-1,-1,-1,-1,202,-1,-1,-1,-1,-1,-1,202,-1,-1,-1,-1,-1,-1,-1,296,-1,-1,-1,-1,282,-1,-1,-1,-1,-1,-1,-1,-1,-1,-1,-1,-1,-1,-1,-1
-1,1050,-1,-1,-1,1050,-1,-1,-1,-1,-1,-1,-1,-1,-1,941,-1,1095,1096,1097,1098,-1,912,585,-1,268,-1,-1,-1,268,-1,-1,-1,298,-1,-1,-1,-1,-1,-1,-1,-1,-1,309,310,311,-1,-1,-1,-1,-1,-1,-1,-1,-1,890,-1,-1,-1,-1,-1,281,279,-1,-1,-1,-1,-1,-1,-1,-1,-1,-1,-1,-1,-1,-1,-1,-1,296,707,704,709,-1,-1,-1,-1,-1,-1,-1,-1,-1,-1,-1,849,-1,-1,-1,-1,-1
-1,1050,-1,-1,-1,-1,-1,-1,-1,-1,-1,-1,-1,-1,1048,-1,-1,1095,1096,1097,1098,-1,925,585,-1,-1,268,-1,-1,-1,-1,-1,-1,298,-1,-1,-1,-1,-1,-1,-1,-1,-1,322,323,324,-1,-1,-1,-1,-1,-1,-1,-1,309,177,311,-1,-1,-1,-1,-1,-1,-1,-1,-1,-1,-1,-1,-1,-1,282,-1,-1,-1,-1,279,-1,-1,296,720,721,722,-1,-1,-1,-1,-1,-1,-1,-1,-1,-1,-1,862,-1,-1,-1,707,886
-1,1050,-1,-1,-1,-1,-1,-1,-1,-1,-1,-1,-1,-1,928,937,937,1095,1096,1097,1098,937,938,585,267,-1,-1,-1,-1,-1,-1,-1,-1,298,-1,-1,-1,-1,-1,-1,-1,-1,-1,335,336,337,-1,281,280,282,-1,-1,-1,-1,322,190,324,-1,-1,-1,-1,-1,-1,-1,1258,-1,-1,-1,-1,-1,-1,-1,-1,-1,-1,-1,-1,-1,-1,309,310,310,310,310,310,310,890,-1,-1,-1,-1,-1,-1,-1,-1,890,-1,-1,720,721
-1,1050,-1,-1,-1,-1,1048,-1,-1,-1,-1,-1,-1,-1,925,-1,-1,-1,1109,1110,1111,-1,-1,602,599,599,599,599,599,599,-1,-1,-1,298,-1,707,795,709,-1,-1,-1,-1,-1,-1,-1,-1,-1,-1,-1,-1,-1,-1,-1,-1,335,336,337,-1,-1,-1,-1,-1,910,-1,912,-1,-1,-1,-1,-1,-1,-1,-1,-1,-1,-1,-1,-1,-1,631,632,632,632,632,632,632,296,-1,-1,-1,-1,-1,886,294,295,-1,-1,-1,-1,655
1217,1252,923,-1,-1,-1,-1,-1,-1,-1,-1,-1,1048,928,938,-1,-1,-1,-1,341,-1,-1,-1,628,629,629,629,629,629,629,585,-1,-1,298,-1,720,721,722,-1,-1,-1,-1,-1,-1,-1,-1,-1,-1,-1,-1,-1,-1,281,-1,-1,-1,-1,-1,-1,-1,-1,-1,923,1159,925,-1,-1,-1,-1,-1,-1,-1,-1,-1,-1,-1,-1,279,-1,-1,-1,-1,-1,281,-1,-1,296,-1,-1,-1,-1,-1,-1,307,308,-1,-1,-1,266,266
-1,137,923,-1,-1,-1,-1,-1,-1,-1,-1,-1,-1,925,-1,-1,280,-1,-1,354,-1,-1,-1,-1,-1,-1,-1,-1,-1,-1,585,-1,-1,-1,284,284,284,284,284,284,284,284,284,284,284,284,284,284,284,284,284,284,284,284,284,285,-1,-1,-1,-1,-1,-1,936,937,938,282,283,284,284,284,284,284,284,284,284,284,284,284,284,284,284,284,284,284,284,284,284,284,284,284,284,284,284,285,-1,282,267,266,-1,681
-1,-1,942,-1,-1,-1,-1,-1,-1,1050,-1,-1,928,938,-1,-1,-1,-1,-1,367,-1,-1,-1,-1,-1,-1,-1,-1,-1,-1,585,708,572,573,573,573,573,573,573,573,573,573,573,573,573,573,573,573,573,573,573,573,573,573,573,298,-1,-1,-1,-1,-1,-1,-1,-1,-1,-1,592,577,577,577,577,577,577,577,577,577,577,577,577,577,577,577,577,577,577,577,577,577,577,577,577,577,-1,298,292,293,-1,-1,-1,694
-1,-1,-1,1050,-1,-1,-1,-1,-1,-1,-1,-1,925,-1,-1,-1,-1,282,-1,-1,-1,-1,-1,889,795,891,-1,-1,279,-1,585,-1,585,2191,-1,-1,-1,-1,-1,-1,-1,-1,-1,-1,-1,-1,-1,-1,-1,-1,-1,-1,-1,-1,587,590,284,284,284,284,284,284,284,284,284,284,590,589,-1,-1,-1,-1,-1,-1,-1,-1,-1,-1,-1,-1,-1,-1,-1,-1,-1,-1,-1,-1,-1,-1,-1,587,-1,298,305,306,-1,-1,-1,-1
-1,-1,-1,-1,-1,-1,-1,-1,-1,-1,928,937,938,893,894,895,-1,-1,-1,-1,-1,-1,-1,902,903,904,-1,-1,-1,-1,585,-1,585,-1,-1,-1,-1,-1,-1,-1,-1,-1,-1,-1,-1,-1,279,-1,-1,-1,-1,-1,-1,-1,-1,577,577,577,577,577,577,577,577,577,577,577,577,-1,-1,-1,-1,-1,-1,598,599,599,599,591,-1,-1,-1,-1,-1,-1,-1,-1,-1,-1,-1,-1,886,587,-1,298,-1,-1,-1,-1,-1,-1
-1,-1,-1,-1,-1,-1,-1,-1,-1,-1,925,-1,-1,906,907,908,-1,-1,-1,-1,-1,-1,-1,-1,-1,-1,-1,-1,-1,-1,585,-1,585,-1,-1,-1,-1,-1,-1,-1,707,886,709,-1,-1,-1,-1,-1,-1,-1,-1,-1,-1,-1,-1,-1,-1,-1,-1,-1,-1,-1,-1,-1,-1,-1,-1,-1,-1,-1,-1,-1,-1,-1,1079,1080,1081,1082,-1,-1,-1,-1,-1,-1,-1,-1,-1,-1,-1,-1,-1,587,-1,298,-1,708,-1,-1,280,-1
-1,928,929,-1,-1,1048,-1,-1,-1,-1,938,893,894,895,-1,-1,-1,-1,-1,-1,-1,-1,-1,-1,192,193,194,-1,-1,-1,585,-1,585,-1,-1,-1,-1,-1,280,-1,720,721,722,-1,280,-1,-1,-1,-1,318,319,-1,-1,-1,-1,-1,-1,282,-1,-1,-1,-1,-1,-1,318,319,-1,-1,-1,281,-1,-1,-1,624,1092,1093,1094,626,-1,-1,279,-1,-1,-1,-1,-1,-1,-1,-1,-1,-1,587,-1,298,-1,-1,-1,-1,-1,-1
-1,941,942,-1,-1,-1,-1,-1,-1,938,-1,906,907,908,-1,280,-1,-1,-1,-1,-1,-1,-1,-1,-1,-1,-1,-1,-1,-1,585,-1,585,-1,-1,-1,-1,-1,-1,-1,-1,-1,-1,280,-1,-1,-1,-1,-1,331,332,-1,-1,-1,-1,-1,-1,279,-1,-1,-1,-1,-1,-1,331,332,-1,-1,-1,-1,-1,-1,-1,-1,1105,1106,1107,1108,-1,-1,281,-1,-1,-1,-1,-1,-1,279,281,-1,-1,587,-1,298,-1,281,279,-1,-1,-1
-1,-1,-1,1048,-1,1050,-1,928,938,-1,893,894,895,-1,-1,-1,-1,282,-1,-1,-1,-1,890,-1,-1,-1,-1,889,795,891,585,137,585,-1,-1,-1,-1,-1,-1,-1,-1,-1,-1,-1,-1,-1,-1,-1,-1,-1,-1,-1,-1,-1,-1,-1,-1,-1,-1,-1,-1,-1,-1,-1,-1,-1,-1,-1,-1,-1,-1,-1,-1,-1,-1,-1,-1,-1,-1,-1,-1,282,-1,-1,-1,-1,-1,-1,-1,-1,-1,587,-1,298,-1,-1,-1,-1,-1,-1
-1,-1,-1,-1,-1,928,937,938,-1,-1,906,907,908,-1,-1,-1,-1,-1,-1,-1,-1,-1,-1,-1,-1,-1,-1,902,903,904,585,599,611,612,612,612,612,612,612,585,-1,-1,-1,-1,-1,-1,281,-1,-1,-1,-1,-1,-1,-1,280,-1,-1,279,-1,-1,-1,-1,1199,1199,1199,-1,-1,-1,-1,-1,-1,-1,-1,-1,-1,-1,-1,-1,-1,-1,-1,-1,-1,-1,-1,-1,-1,-1,-1,-1,-1,587,-1,298,-1,279,-1,-1,-1,-1
-1,928,937,937,937,938,893,894,895,-1,-1,-1,280,-1,-1,-1,-1,-1,-1,-1,-1,-1,-1,-1,-1,-1,153,154,155,-1,598,599,599,599,599,599,599,599,587,585,-1,-1,-1,281,-1,-1,-1,-1,-1,-1,-1,-1,-1,-1,-1,-1,-1,-1,-1,292,293,-1,598,599,600,-1,-1,-1,-1,-1,281,-1,-1,-1,279,-1,282,280,282,-1,-1,-1,-1,-1,-1,-1,-1,-1,-1,-1,-1,587,-1,298,-1,-1,-1,-1,-1,-1
937,938,-1,-1,-1,-1,906,907,908,-1,-1,-1,-1,-1,-1,-1,-1,-1,-1,-1,192,193,194,-1,-1,279,166,167,168,-1,611,612,612,612,612,612,612,612,585,585,708,-1,280,-1,-1,-1,-1,-1,-1,1404,-1,-1,-1,-1,279,-1,-1,-1,-1,305,306,-1,611,1404,613,-1,-1,-1,1199,-1,-1,-1,-1,-1,-1,-1,-1,-1,-1,-1,-1,-1,-1,-1,-1,-1,279,-1,-1,-1,890,587,-1,298,-1,-1,-1,282,-1,-1
893,894,895,-1,-1,-1,-1,-1,-1,-1,-1,-1,-1,-1,-1,-1,-1,-1,-1,-1,-1,-1,-1,-1,-1,-1,179,180,181,-1,624,625,625,625,625,625,625,625,585,585,-1,-1,-1,-1,-1,-1,-1,-1,-1,1417,-1,-1,-1,-1,281,-1,-1,-1,-1,-1,-1,-1,624,1417,626,-1,320,321,1199,-1,-1,-1,-1,-1,-1,-1,-1,-1,-1,-1,-1,-1,-1,-1,-1,-1,-1,-1,-1,-1,-1,587,-1,298,-1,-1,-1,-1,-1,-1
906,907,908,-1,-1,-1,-1,-1,-1,-1,-1,-1,-1,-1,-1,-1,-1,-1,-1,-1,-1,-1,-1,889,886,891,-1,281,-1,-1,-1,889,890,891,-1,-1,-1,-1,585,585,-1,-1,-1,-1,-1,-1,294,295,-1,-1,-1,-1,-1,-1,-1,-1,-1,-1,280,-1,-1,-1,-1,-1,-1,-1,333,334,-1,-1,-1,-1,-1,-1,-1,-1,-1,-1,281,-1,-1,-1,-1,-1,572,573,573,573,573,574,-1,587,-1,298,-1,-1,-1,-1,-1,572
-1,-1,-1,-1,-1,-1,-1,281,-1,-1,-1,-1,-1,153,154,155,-1,889,708,891,-1,-1,-1,902,903,904,-1,-1,-1,-1,-1,902,153,154,155,-1,-1,-1,585,585,-1,282,279,280,279,-1,307,308,-1,-1,-1,-1,-1,-1,-1,-1,-1,-1,-1,-1,-1,-1,-1,-1,-1,-1,-1,1199,-1,-1,-1,-1,-1,-1,-1,-1,-1,-1,-1,-1,-1,-1,-1,-1,585,586,599,-1,599,587,599,587,-1,298,-1,280,-1,-1,-1,585
-1,-1,-1,-1,-1,-1,-1,-1,-1,-1,-1,-1,-1,166,167,168,-1,902,903,904,-1,-1,281,-1,-1,-1,-1,-1,-1,-1,-1,-1,166,167,168,320,321,-1,585,585,-1,-1,-1,-1,-1,-1,-1,-1,-1,-1,-1,-1,-1,-1,-1,-1,-1,-1,-1,-1,-1,-1,-1,-1,-1,-1,-1,-1,-1,-1,-1,-1,-1,-1,-1,-1,-1,-1,-1,-1,-1,-1,-1,-1,585,587,-1,-1,612,613,612,613,-1,298,-1,-1,-1,-1,-1,585
-1,-1,-1,-1,-1,-1,-1,-1,-1,-1,-1,-1,-1,179,180,181,-1,-1,-1,-1,-1,-1,-1,269,-1,-1,-1,-1,-1,-1,-1,-1,179,180,181,333,334,-1,585,585,-1,-1,-1,-1,-1,-1,-1,-1,-1,-1,-1,-1,-1,1043,-1,-1,-1,-1,-1,-1,-1,-1,-1,-1,-1,-1,-1,-1,-1,-1,282,-1,-1,-1,-1,-1,-1,-1,-1,-1,-1,-1,890,-1,585,587,1079,1080,1081,613,606,606,606,607,-1,-1,-1,-1,280,585
-1,-1,-1,282,-1,-1,-1,-1,280,-1,889,799,891,-1,267,-1,-1,279,-1,-1,-1,-1,-1,-1,-1,-1,-1,-1,266,889,799,891,-1,-1,-1,-1,-1,-1,585,585,-1,-1,-1,-1,-1,-1,-1,-1,-1,-1,-1,-1,-1,1056,-1,-1,-1,-1,-1,-1,-1,-1,-1,-1,-1,-1,-1,-1,279,279,-1,-1,-1,-1,-1,890,-1,-1,-1,-1,-1,-1,-1,-1,585,587,1092,1093,1094,336,336,336,336,337,-1,-1,-1,-1,-1,585
-1,-1,-1,-1,-1,-1,-1,-1,-1,-1,902,903,904,-1,281,-1,-1,-1,-1,-1,-1,-1,153,155,-1,889,894,891,-1,902,903,904,-1,-1,-1,-1,-1,-1,585,585,708,-1,279,-1,294,295,-1,-1,1199,1199,1199,-1,-1,-1,-1,-1,-1,-1,-1,-1,-1,-1,1199,1199,1199,-1,-1,-1,-1,280,-1,-1,-1,-1,-1,-1,-1,-1,-1,-1,-1,-1,-1,-1,585,587,1105,1106,1107,-1,-1,-1,-1,-1,-1,-1,-1,-1,-1,585
-1,-1,-1,-1,-1,-1,-1,-1,-1,-1,-1,-1,-1,-1,-1,-1,-1,-1,-1,889,890,891,166,168,-1,902,903,904,-1,-1,282,280,-1,-1,279,-1,267,-1,585,585,-1,-1,-1,-1,307,308,-1,-1,598,599,600,-1,-1,-1,-1,-1,-1,-1,-1,-1,-1,-1,598,599,600,-1,-1,-1,282,280,-1,-1,-1,-1,-1,-1,-1,-1,-1,890,-1,-1,-1,-1,585,587,-1,281,-1,-1,-1,-1,-1,-1,-1,-1,-1,-1,-1,585
-1,-1,-1,-1,-1,-1,-1,-1,-1,-1,153,154,155,-1,-1,-1,-1,-1,-1,902,903,904,179,181,-1,282,-1,-1,-1,-1,-1,-1,889,886,891,-1,-1,-1,585,585,-1,-1,-1,-1,-1,-1,-1,-1,611,1404,613,-1,-1,-1,-1,-1,-1,-1,-1,292,293,-1,611,1404,613,-1,-1,-1,-1,-1,-1,-1,-1,-1,-1,-1,-1,-1,-1,-1,-1,-1,-1,-1,585,587,-1,280,282,280,282,281,-1,-1,279,-1,-1,-1,-1,585
-1,-1,-1,-1,-1,-1,-1,153,154,155,166,167,168,-1,-1,-1,-1,-1,-1,279,-1,-1,-1,-1,-1,-1,-1,-1,-1,-1,153,155,902,903,904,153,154,155,585,585,-1,-1,-1,282,-1,-1,-1,-1,624,1417,626,-1,-1,-1,-1,-1,-1,-1,-1,305,306,-1,624,1417,626,-1,294,295,-1,282,-1,-1,-1,-1,-1,-1,-1,-1,-1,-1,-1,-1,-1,-1,585,587,-1,-1,-1,-1,-1,279,-1,-1,-1,-1,-1,-1,-1,585
-1,-1,-1,-1,-1,-1,889,166,167,168,179,180,181,-1,-1,267,889,795,891,-1,-1,-1,-1,-1,292,293,-1,-1,-1,-1,179,181,-1,-1,-1,166,167,168,585,585,-1,282,-1,281,279,-1,-1,-1,-1,-1,-1,-1,-1,-1,-1,-1,279,-1,-1,-1,-1,-1,-1,-1,-1,-1,307,308,-1,-1,-1,-1,-1,-1,-1,-1,890,-1,-1,-1,-1,-1,-1,-1,585,587,-1,-1,-1,-1,-1,-1,-1,-1,-1,-1,-1,279,-1,585
-1,-1,-1,-1,-1,-1,902,179,180,181,-1,889,799,891,-1,-1,902,903,904,266,-1,192,193,194,305,306,889,894,891,-1,-1,-1,-1,-1,-1,179,180,181,585,585,-1,-1,-1,-1,-1,-1,-1,282,-1,-1,-1,-1,-1,-1,-1,-1,-1,-1,279,279,-1,-1,-1,-1,-1,-1,-1,-1,-1,-1,-1,-1,708,-1,-1,-1,-1,-1,-1,-1,-1,-1,890,-1,585,587,-1,-1,-1,-1,-1,572,573,573,573,573,573,573,573,586
